Username,fact_sheet_answers,EEG Foundation Final Task(20684)-overall score,EEG Foundation Final Task(20684)-challenge 1,EEG Foundation Final Task(20684)-challenge 2
rafaelz-388024,,0.9993900061,0.9629700184,1.0149899721
nuoyi-388010,,1.0119800568,0.9879699945,1.0222699642
saarangp-387956,,1.3156199455,1.0163199902,1.4438899755
philadelphia-387763,,1.7174799442,3.3825099468,1.0039000511
